ml_movieId;ml_title;ml_genres;Title;Year;Rated;Released;Runtime;Genre;Director;Writer;Actors;Plot;Language;Country;Awards;Poster;Ratings;Metascore;imdbRating;imdbVotes;imdbID;Type;DVD;BoxOffice;Production;Website;Response;ml_year
1;Toy Story;Animation|Children's|Comedy;Toy Story;1995;G;22 Nov 1995;81 min;Animation, Adventure, Comedy;John Lasseter;John Lasseter, Pete Docter, Andrew Stanton;Tom Hanks, Tim Allen, Don Rickles;A cowboy doll is profoundly threatened and jealous when a new spaceman action figure supplants him as top toy in a boy's bedroom.;English;United States;Nominated for 3 Oscars. 28 wins & 23 nominations total;https://m.media-amazon.com/images/M/MV5BMDU2ZWJlMjktMTRhMy00ZTA5LWEzNDgtYmNmZTEwZTViZWJkXkEyXkFqcGdeQXVyNDQ2OTk4MzI@._V1_SX300.jpg;[{'Source': 'Internet Movie Database', 'Value': '8.3/10'}, {'Source': 'Rotten Tomatoes', 'Value': '100%'}, {'Source': 'Metacritic', 'Value': '96/100'}];96.0;8.3;1,004,768;tt0114709;movie;23 Mar 2010;$223,225,679;;;True;1995
2;Jumanji;Adventure|Children's|Fantasy;Jumanji;1995;PG;15 Dec 1995;104 min;Adventure, Comedy, Family;Joe Johnston;Jonathan Hensleigh, Greg Taylor, Jim Strain;Robin Williams, Kirsten Dunst, Bonnie Hunt;When two kids find and play a magical board game, they release a man trapped in it for decades - and a host of dangers that can only be stopped by finishing the game.;English, French;United States;4 wins & 11 nominations;https://m.media-amazon.com/images/M/MV5BZTk2ZmUwYmEtNTcwZS00YmMyLWFkYjMtNTRmZDA3YWExMjc2XkEyXkFqcGdeQXVyMTQxNzMzNDI@._V1_SX300.jpg;[{'Source': 'Internet Movie Database', 'Value': '7.0/10'}, {'Source': 'Rotten Tomatoes', 'Value': '52%'}, {'Source': 'Metacritic', 'Value': '39/100'}];39.0;7.0;353,256;tt0113497;movie;;$100,499,940;;;True;1995
3;Grumpier Old Men;Comedy|Romance;Grumpier Old Men;1995;PG-13;22 Dec 1995;101 min;Comedy, Romance;Howard Deutch;Mark Steven Johnson;Walter Matthau, Jack Lemmon, Ann-Margret;John and Max resolve to save their beloved bait shop from turning into an Italian restaurant, just as its new female owner catches Max's attention.;English, Italian, German;United States;2 wins & 2 nominations;https://m.media-amazon.com/images/M/MV5BMjQxM2YyNjMtZjUxYy00OGYyLTg0MmQtNGE2YzNjYmUyZTY1XkEyXkFqcGdeQXVyMTQxNzMzNDI@._V1_SX300.jpg;[{'Source': 'Internet Movie Database', 'Value': '6.6/10'}, {'Source': 'Rotten Tomatoes', 'Value': '21%'}, {'Source': 'Metacritic', 'Value': '46/100'}];46.0;6.6;28,520;tt0113228;movie;15 May 2007;$71,518,503;;;True;1995
4;Waiting to Exhale;Comedy|Drama;Waiting to Exhale;1995;R;22 Dec 1995;124 min;Comedy, Drama, Romance;Forest Whitaker;Terry McMillan, Ron Bass;Whitney Houston, Angela Bassett, Loretta Devine;Based on Terry McMillan's novel, this film follows four very different African-American women and their relationships with men.;English;United States;9 wins & 10 nominations;https://m.media-amazon.com/images/M/MV5BYzcyMDY2YWQtYWJhYy00OGQ2LTk4NzktYWJkNDYwZWJmY2RjXkEyXkFqcGdeQXVyMTA0MjU0Ng@@._V1_SX300.jpg;[{'Source': 'Internet Movie Database', 'Value': '5.9/10'}, {'Source': 'Rotten Tomatoes', 'Value': '61%'}];;5.9;11,434;tt0114885;movie;20 Jul 1999;$67,052,156;20th Century Fox;;True;1995
5;Father of the Bride Part II;Comedy;Father of the Bride Part II;1995;PG;08 Dec 1995;106 min;Comedy, Family, Romance;Charles Shyer;Albert Hackett, Frances Goodrich, Nancy Meyers;Steve Martin, Diane Keaton, Martin Short;George Banks must deal not only with his daughter's pregnancy, but also with his wife's.;English;United States;1 win & 2 nominations;https://m.media-amazon.com/images/M/MV5BOTEyNzg5NjYtNDU4OS00MWYxLWJhMTItYWU4NTkyNDBmM2Y0XkEyXkFqcGdeQXVyMTQxNzMzNDI@._V1_SX300.jpg;[{'Source': 'Internet Movie Database', 'Value': '6.0/10'}, {'Source': 'Rotten Tomatoes', 'Value': '52%'}, {'Source': 'Metacritic', 'Value': '49/100'}];49.0;6.0;39,573;tt0113041;movie;25 Jan 2005;$76,594,107;;;True;1995
6;Heat;Action|Crime|Thriller;Heat;1995;R;15 Dec 1995;170 min;Action, Crime, Drama;Michael Mann;Michael Mann;Al Pacino, Robert De Niro, Val Kilmer;A group of high-end professional thieves start to feel the heat from the LAPD when they unknowingly leave a clue at their latest heist.;English, Spanish;United States;14 nominations;https://m.media-amazon.com/images/M/MV5BYjZjNTJlZGUtZTE1Ny00ZDc4LTgwYjUtMzk0NDgwYzZjYTk1XkEyXkFqcGdeQXVyNjU0OTQ0OTY@._V1_SX300.jpg;[{'Source': 'Internet Movie Database', 'Value': '8.3/10'}, {'Source': 'Rotten Tomatoes', 'Value': '88%'}, {'Source': 'Metacritic', 'Value': '76/100'}];76.0;8.3;664,234;tt0113277;movie;27 Jul 1999;$67,436,818;;;True;1995
7;Sabrina;Comedy|Romance;Sabrina;1995;PG;15 Dec 1995;127 min;Comedy, Drama, Romance;Sydney Pollack;Samuel A. Taylor, Billy Wilder, Ernest Lehman;Harrison Ford, Julia Ormond, Greg Kinnear;An ugly duckling having undergone a remarkable change, still harbors feelings for her crush: a carefree playboy, but not before his business-focused brother has something to say about it.;English, French;Germany, United States;Nominated for 2 Oscars. 2 wins & 6 nominations total;https://m.media-amazon.com/images/M/MV5BYjQ5ZjQ0YzQtOGY3My00MWVhLTgzNWItOTYwMTE5N2ZiMDUyXkEyXkFqcGdeQXVyNjUwMzI2NzU@._V1_SX300.jpg;[{'Source': 'Internet Movie Database', 'Value': '6.3/10'}, {'Source': 'Rotten Tomatoes', 'Value': '63%'}, {'Source': 'Metacritic', 'Value': '56/100'}];56.0;6.3;42,279;tt0114319;movie;15 Jan 2002;$53,672,080;Paramount Pictures;;True;1995
8;Tom and Huck;Adventure|Children's;Tom and Huck;1995;PG;22 Dec 1995;97 min;Adventure, Comedy, Drama;Peter Hewitt;Mark Twain, Stephen Sommers, David Loughery;Jonathan Taylor Thomas, Brad Renfro, Charles Rocket;Two best friends witness a murder and embark on a series of adventures in order to prove the innocence of the man wrongly accused of the crime.;English;United States;1 win & 5 nominations;https://m.media-amazon.com/images/M/MV5BN2ZkZTMxOTAtMzg1Mi00M2U0LWE2NWItZDg4YmQyZjVkMDdhXkEyXkFqcGdeQXVyNTM5NzI0NDY@._V1_SX300.jpg;[{'Source': 'Internet Movie Database', 'Value': '5.5/10'}, {'Source': 'Rotten Tomatoes', 'Value': '25%'}];;5.5;11,210;tt0112302;movie;03 Feb 2004;$23,920,048;;;True;1995
9;Sudden Death;Action;Sudden Death;1995;R;22 Dec 1995;111 min;Action, Crime, Thriller;Peter Hyams;Karen Elise Baldwin, Gene Quintano;Jean-Claude Van Damme, Powers Boothe, Raymond J. Barry;A former fireman takes on a group of terrorists holding the Vice President and others hostage during the seventh game of the NHL Stanley Cup finals.;English;United States;;https://m.media-amazon.com/images/M/MV5BYWEyODkwYTItZDI1ZC00ODhiLWFkNGMtMTU3NTk2ZGMxYjE3XkEyXkFqcGdeQXVyMjUzOTY1NTc@._V1_SX300.jpg;[{'Source': 'Internet Movie Database', 'Value': '5.8/10'}, {'Source': 'Rotten Tomatoes', 'Value': '50%'}];;5.8;35,391;tt0114576;movie;16 Sep 2003;$20,350,171;;;True;1995
10;GoldenEye;Action|Adventure|Thriller;GoldenEye;1995;PG-13;17 Nov 1995;130 min;Action, Adventure, Thriller;Martin Campbell;Ian Fleming, Michael France, Jeffrey Caine;Pierce Brosnan, Sean Bean, Izabella Scorupco;"Years after a friend and fellow 00 agent is killed on a joint mission, a Russian crime syndicate steals a secret space-based weapons program known as ""GoldenEye"" and James Bond has to stop them from using it.";English, Russian, Spanish;United Kingdom, United States;Nominated for 2 BAFTA 2 wins & 8 nominations total;https://m.media-amazon.com/images/M/MV5BOWI0MTJlMjEtYTI0ZS00NWZiLWE1ZmItYzBlZTE5YTk3NTJiXkEyXkFqcGdeQXVyMTEwNDU1MzEy._V1_SX300.jpg;[{'Source': 'Internet Movie Database', 'Value': '7.2/10'}, {'Source': 'Rotten Tomatoes', 'Value': '80%'}, {'Source': 'Metacritic', 'Value': '65/100'}];65.0;7.2;261,421;tt0113189;movie;24 Mar 2009;$106,429,941;;;True;1995
11;The American President;Comedy|Drama|Romance;The American President;1995;PG-13;17 Nov 1995;114 min;Comedy, Drama, Romance;Rob Reiner;Aaron Sorkin;Michael Douglas, Annette Bening, Martin Sheen;"A widowed U.S. President running for reelection and an environmental lobbyist fall in love. It's all above-board, but ""politics is perception,"" and sparks fly anyway.";English, French, Spanish;United States;Nominated for 1 Oscar. 1 win & 11 nominations total;https://m.media-amazon.com/images/M/MV5BNjhkMmU0M2YtZDUwYi00OWE0LWI5NTktODBjNDc1M2ZlMjI4XkEyXkFqcGdeQXVyNDAxNjkxNjQ@._V1_SX300.jpg;[{'Source': 'Internet Movie Database', 'Value': '6.8/10'}, {'Source': 'Rotten Tomatoes', 'Value': '91%'}, {'Source': 'Metacritic', 'Value': '67/100'}];67.0;6.8;58,562;tt0112346;movie;02 Jan 2007;$60,079,496;;;True;1995
12;Dracula: Dead and Loving It;Comedy|Horror;Dracula: Dead and Loving It;1995;PG-13;22 Dec 1995;88 min;Comedy, Fantasy, Horror;Mel Brooks;Mel Brooks, Rudy De Luca, Steve Haberman;Leslie Nielsen, Mel Brooks, Peter MacNicol;Mel Brooks' parody of the classic vampire story and its famous film adaptations.;English, German;France, United States;;https://m.media-amazon.com/images/M/MV5BZWQ0ZDFmYzMtZGMyMi00NmYxLWE0MGYtYzM2ZGNhMTE1NTczL2ltYWdlL2ltYWdlXkEyXkFqcGdeQXVyMjM5ODMxODc@._V1_SX300.jpg;[{'Source': 'Internet Movie Database', 'Value': '5.8/10'}, {'Source': 'Rotten Tomatoes', 'Value': '11%'}];;5.8;43,016;tt0112896;movie;18 Aug 2008;$10,772,144;;;True;1995
13;Balto;Animation|Children's;Balto;1995;G;22 Dec 1995;78 min;Animation, Adventure, Drama;Simon Wells;Cliff Ruby, Elana Lesser, David Steven Cohen;Kevin Bacon, Bob Hoskins, Bridget Fonda;An outcast Husky risks his life with other sled dogs to prevent a deadly epidemic from ravaging Nome, Alaska.;English;United States, United Kingdom;5 nominations;https://m.media-amazon.com/images/M/MV5BMjBhNmFlZjMtMzhlYy00NDBlLWFiMjctMmE0ZjgwOGM2MTNmXkEyXkFqcGdeQXVyNjExODE1MDc@._V1_SX300.jpg;[{'Source': 'Internet Movie Database', 'Value': '7.1/10'}, {'Source': 'Rotten Tomatoes', 'Value': '56%'}];;7.1;45,177;tt0112453;movie;22 Aug 2006;$11,348,324;Universal Pictures;;True;1995
14;Nixon;Drama;Nixon;1995;R;05 Jan 1996;192 min;Biography, Drama, History;Oliver Stone;Stephen J. Rivele, Christopher Wilkinson, Oliver Stone;Anthony Hopkins, Joan Allen, Powers Boothe;A biographical story of former U.S. President Richard Nixon, from his days as a young boy, to his eventual Presidency, which ended in shame.;English, Mandarin, Russian;United States;Nominated for 4 Oscars. 11 wins & 18 nominations total;https://m.media-amazon.com/images/M/MV5BNzBlOWY0ZmEtZjdkYS00ZGU0LWEwN2YtYzBkNDM5ZDBjMmI1XkEyXkFqcGdeQXVyMTAwMzUyOTc@._V1_SX300.jpg;[{'Source': 'Internet Movie Database', 'Value': '7.1/10'}, {'Source': 'Rotten Tomatoes', 'Value': '75%'}, {'Source': 'Metacritic', 'Value': '66/100'}];66.0;7.1;31,626;tt0113987;movie;19 Aug 2008;$13,681,765;;;True;1995
15;Cutthroat Island;Action|Adventure|Romance;Cutthroat Island;1995;PG-13;22 Dec 1995;124 min;Action, Adventure, Comedy;Renny Harlin;Michael Frost Beckner, James Gorman, Bruce A. Evans;Geena Davis, Matthew Modine, Frank Langella;A female pirate and her companion race against their rivals to find a hidden island that contains a fabulous treasure.;English, Spanish, Latin, French;United States, Italy, Germany, France;1 nomination;https://m.media-amazon.com/images/M/MV5BNjg0ZjIzMDYtNmUyNS00NzQxLWFhZGQtOGYzMzE0ZWEwM2UxXkEyXkFqcGdeQXVyMDI2NDg0NQ@@._V1_SX300.jpg;[{'Source': 'Internet Movie Database', 'Value': '5.7/10'}, {'Source': 'Rotten Tomatoes', 'Value': '39%'}, {'Source': 'Metacritic', 'Value': '37/100'}];37.0;5.7;29,078;tt0112760;movie;22 May 2007;$10,017,322;;;True;1995
16;Casino;Drama|Thriller;Casino;1995;R;22 Nov 1995;178 min;Crime, Drama;Martin Scorsese;Nicholas Pileggi, Martin Scorsese;Robert De Niro, Sharon Stone, Joe Pesci;A tale of greed, deception, money, power, and murder occur between two best friends: a mafia enforcer and a casino executive compete against each other over a gambling empire, and over a fast-living and fast-loving socialite.;English;United States, France;Nominated for 1 Oscar. 4 wins & 11 nominations total;https://m.media-amazon.com/images/M/MV5BMTcxOWYzNDYtYmM4YS00N2NkLTk0NTAtNjg1ODgwZjAxYzI3XkEyXkFqcGdeQXVyNTA4NzY1MzY@._V1_SX300.jpg;[{'Source': 'Internet Movie Database', 'Value': '8.2/10'}, {'Source': 'Rotten Tomatoes', 'Value': '79%'}, {'Source': 'Metacritic', 'Value': '73/100'}];73.0;8.2;527,791;tt0112641;movie;26 Feb 2002;$42,512,375;;;True;1995
17;Sense and Sensibility;Drama|Romance;Sense and Sensibility;1995;PG;26 Jan 1996;136 min;Drama, Romance;Ang Lee;Jane Austen, Emma Thompson;Emma Thompson, Kate Winslet, James Fleet;Rich Mr. Dashwood dies, leaving his second wife and her three daughters poor by the rules of inheritance. The two eldest daughters are the title opposites.;English, French;United States, United Kingdom;Won 1 Oscar. 33 wins & 50 nominations total;https://m.media-amazon.com/images/M/MV5BNzk1MjU3MDQyMl5BMl5BanBnXkFtZTcwNjc1OTM2MQ@@._V1_SX300.jpg;[{'Source': 'Internet Movie Database', 'Value': '7.7/10'}, {'Source': 'Rotten Tomatoes', 'Value': '97%'}, {'Source': 'Metacritic', 'Value': '84/100'}];84.0;7.7;119,119;tt0114388;movie;24 Aug 2004;$43,182,776;;;True;1995
18;Four Rooms;Thriller;Four Rooms;1995;R;25 Dec 1995;98 min;Comedy;Allison Anders, Alexandre Rockwell, Robert Rodriguez;Allison Anders, Alexandre Rockwell, Robert Rodriguez;Tim Roth, Antonio Banderas, Sammi Davis;Four interlocking tales that take place in a fading hotel on New Year's Eve.;English;United States;1 win & 1 nomination;https://m.media-amazon.com/images/M/MV5BNDc3Y2YwMjUtYzlkMi00MTljLTg1ZGMtYzUwODljZTI1OTZjXkEyXkFqcGdeQXVyMTQxNzMzNDI@._V1_SX300.jpg;[{'Source': 'Internet Movie Database', 'Value': '6.7/10'}, {'Source': 'Rotten Tomatoes', 'Value': '13%'}];;6.7;107,085;tt0113101;movie;30 Jun 2008;$4,257,354;;;True;1995
19;Ace Ventura: When Nature Calls;Comedy;Ace Ventura: When Nature Calls;1995;PG-13;10 Nov 1995;90 min;Adventure, Comedy, Crime;Steve Oedekerk;Jack Bernstein, Steve Oedekerk;Jim Carrey, Ian McNeice, Simon Callow;Ace Ventura, Pet Detective, returns from a spiritual quest to investigate the disappearance of a rare white bat, the sacred animal of a tribe in Africa.;English;United States;7 wins & 6 nominations;https://m.media-amazon.com/images/M/MV5BNGFiYTgxZDctNGI4OS00MWU1LWIwOGUtZmMyNGQxYjVkZjQ3XkEyXkFqcGdeQXVyMTQxNzMzNDI@._V1_SX300.jpg;[{'Source': 'Internet Movie Database', 'Value': '6.4/10'}, {'Source': 'Rotten Tomatoes', 'Value': '21%'}, {'Source': 'Metacritic', 'Value': '45/100'}];45.0;6.4;223,030;tt0112281;movie;15 May 2007;$108,385,533;;;True;1995
20;Money Train;Action;Money Train;1995;R;22 Nov 1995;110 min;Action, Comedy, Crime;Joseph Ruben;Doug Richardson, David Loughery;Wesley Snipes, Woody Harrelson, Jennifer Lopez;A vengeful New York City transit cop decides to steal a trainload of subway fares. His foster brother, a fellow cop, tries to protect him.;English;United States;1 nomination;https://m.media-amazon.com/images/M/MV5BNjc3YjQwNGEtODI4Ny00MzgyLWEyMWYtNzMyMjk0MmI4YjY1XkEyXkFqcGdeQXVyMjUzOTY1NTc@._V1_SX300.jpg;[{'Source': 'Internet Movie Database', 'Value': '5.7/10'}, {'Source': 'Rotten Tomatoes', 'Value': '22%'}];;5.7;41,814;tt0113845;movie;22 May 2001;$35,431,113;;;True;1995
21;Get Shorty;Action|Comedy|Drama;Get Shorty;1995;R;20 Oct 1995;105 min;Comedy, Crime, Thriller;Barry Sonnenfeld;Elmore Leonard, Scott Frank;Gene Hackman, Rene Russo, Danny DeVito;A mobster travels to Hollywood to collect a debt, and discovers that the movie business is much the same as his current job.;English;United States;6 wins & 16 nominations;https://m.media-amazon.com/images/M/MV5BMjAwODYzNDY4Ml5BMl5BanBnXkFtZTcwODkwNTgzNA@@._V1_SX300.jpg;[{'Source': 'Internet Movie Database', 'Value': '6.9/10'}, {'Source': 'Rotten Tomatoes', 'Value': '88%'}, {'Source': 'Metacritic', 'Value': '82/100'}];82.0;6.9;85,561;tt0113161;movie;25 Jan 2001;$72,101,622;;;True;1995
22;Copycat;Crime|Drama|Thriller;Copycat;1995;R;27 Oct 1995;123 min;Drama, Mystery, Thriller;Jon Amiel;Ann Biderman, David Madsen;Sigourney Weaver, Holly Hunter, Dermot Mulroney;An agoraphobic psychologist and a female detective must work together to take down a serial killer who copies serial killers from the past.;English;United States;2 wins & 1 nomination;https://m.media-amazon.com/images/M/MV5BYWUwNDk2ZDYtNmFkMi00NjE5LWE1M2ItYTRkNTFjZDU3ZDU4L2ltYWdlL2ltYWdlXkEyXkFqcGdeQXVyMTYxNjkxOQ@@._V1_SX300.jpg;[{'Source': 'Internet Movie Database', 'Value': '6.6/10'}, {'Source': 'Rotten Tomatoes', 'Value': '75%'}, {'Source': 'Metacritic', 'Value': '54/100'}];54.0;6.6;61,619;tt0112722;movie;28 Apr 1998;$32,051,917;;;True;1995
23;Assassins;Thriller;Assassins;1995;R;06 Oct 1995;133 min;Action, Crime, Thriller;Richard Donner;Lilly Wachowski, Lana Wachowski, Brian Helgeland;Sylvester Stallone, Antonio Banderas, Julianne Moore;Professional hit-man Robert Rath wants to fulfill a few more contracts before retiring but unscrupulous ambitious newcomer hit-man Miguel Bain keeps killing Rath's targets.;English, Dutch, Spanish;France, United States;1 win & 1 nomination;https://m.media-amazon.com/images/M/MV5BZWY5MGQ1NTQtNzkzNy00YTRkLTk2MjQtZTliNTJiNWZhMzk2XkEyXkFqcGdeQXVyMjUzOTY1NTc@._V1_SX300.jpg;[{'Source': 'Internet Movie Database', 'Value': '6.3/10'}, {'Source': 'Rotten Tomatoes', 'Value': '16%'}];;6.3;85,160;tt0112401;movie;15 Aug 2000;$30,303,072;;;True;1995
24;Powder;Drama|Sci-Fi;Powder;1995;PG-13;27 Oct 1995;111 min;Drama, Fantasy, Mystery;Victor Salva;Victor Salva;Mary Steenburgen, Sean Patrick Flanery, Lance Henriksen;An off the charts genius who is home schooled and shunned after his last relative dies shows the unconscious residents of his town about connection awareness and the generosity of the spirit.;English;United States;1 win & 1 nomination;https://m.media-amazon.com/images/M/MV5BOGUzYzNiZTItYmZlNi00ODI1LThjNTMtNjI1MTNlZDQ0OGY2XkEyXkFqcGdeQXVyNjExODE1MDc@._V1_SX300.jpg;[{'Source': 'Internet Movie Database', 'Value': '6.6/10'}, {'Source': 'Rotten Tomatoes', 'Value': '50%'}];;6.6;31,199;tt0114168;movie;01 Jul 2003;$30,862,156;;;True;1995
25;Leaving Las Vegas;Drama|Romance;Leaving Las Vegas;1995;R;09 Feb 1996;111 min;Drama, Romance;Mike Figgis;John O'Brien, Mike Figgis;Nicolas Cage, Elisabeth Shue, Julian Sands;Ben Sanderson, a Hollywood screenwriter who lost everything because of his alcoholism, arrives in Las Vegas to drink himself to death. There, he meets and forms an uneasy friendship and non-interference pact with prostitute Sera.;English, Russian;United States;Won 1 Oscar. 32 wins & 30 nominations total;https://m.media-amazon.com/images/M/MV5BNDg3MDM5NTI0MF5BMl5BanBnXkFtZTcwNDY0NDk0NA@@._V1_SX300.jpg;[{'Source': 'Internet Movie Database', 'Value': '7.5/10'}, {'Source': 'Rotten Tomatoes', 'Value': '91%'}, {'Source': 'Metacritic', 'Value': '82/100'}];82.0;7.5;127,909;tt0113627;movie;01 Aug 2006;$32,029,928;;;True;1995
26;Othello;Drama;Othello;1995;R;19 Jan 1996;123 min;Drama, Romance;Oliver Parker;Oliver Parker, William Shakespeare;Laurence Fishburne, Kenneth Branagh, Irène Jacob;The Moorish General Othello is manipulated into thinking that his new wife Desdemona has been carrying on an affair with his Lieutenant Michael Cassio, when in reality, it is all part of the scheme of a bitter Ensign named Iago.;English;United States, United Kingdom;3 nominations;https://m.media-amazon.com/images/M/MV5BNzVlMjhjYzctNjQ4My00OGMwLThmZTktODE4MWI3NzNkOWYyXkEyXkFqcGdeQXVyNjMwMjk0MTQ@._V1_SX300.jpg;[{'Source': 'Internet Movie Database', 'Value': '6.9/10'}, {'Source': 'Rotten Tomatoes', 'Value': '68%'}];;6.9;9,846;tt0114057;movie;18 Jan 2000;$2,844,379;Sony Pictures Entertainment, Castle Rock, Columbia Pictures;;True;1995
27;Now and Then;Drama;Now and Then;1995;PG-13;20 Oct 1995;102 min;Comedy, Drama, Romance;Lesli Linka Glatter;I. Marlene King;Christina Ricci, Demi Moore, Rosie O'Donnell;Four 12-year-old girls grow up together during an eventful small-town summer in 1970.;English;United States;1 nomination;https://m.media-amazon.com/images/M/MV5BMTM2MDQ1YjUtMGM0NC00NmFlLTljMDktZjJiNWRhMWYxOWYyXkEyXkFqcGdeQXVyNjgzMjI4ODE@._V1_SX300.jpg;[{'Source': 'Internet Movie Database', 'Value': '6.8/10'}, {'Source': 'Rotten Tomatoes', 'Value': '33%'}, {'Source': 'Metacritic', 'Value': '50/100'}];50.0;6.8;30,996;tt0114011;movie;21 Dec 1999;$27,112,329;New Line Cinema;;True;1995
28;Persuasion;Romance;Persuasion;1995;PG;27 Sep 1995;107 min;Drama, Romance;Roger Michell;Jane Austen (novel), Nick Dear (screenplay);Amanda Root, Ciarán Hinds, Susan Fleetwood, Corin Redgrave;Eight years earlier, Anne Elliot, the daughter of a financially troubled aristocratic family, was persuaded to break off her engagement to Frederick Wentworth, a young seaman, who, though ...;English;UK, USA, France;7 wins & 2 nominations.;https://m.media-amazon.com/images/M/MV5BMTc5NzAwNDAyN15BMl5BanBnXkFtZTYwMjYzMDc5._V1_SX300.jpg;[{'Source': 'Internet Movie Database', 'Value': '7.7/10'}, {'Source': 'Rotten Tomatoes', 'Value': '87%'}];;7.7;8,758;tt0114117;movie;09 Jan 2007;;;;True;1995
29;The City of Lost Children;Adventure|Sci-Fi;The City of Lost Children;1995;R;15 Dec 1995;112 min;Drama, Fantasy, Sci-Fi;Marc Caro, Jean-Pierre Jeunet;Gilles Adrien, Jean-Pierre Jeunet, Marc Caro;Ron Perlman, Daniel Emilfork, Judith Vittet;A scientist in a surrealist society kidnaps children to steal their dreams, hoping that they slow his aging process.;French, Cantonese;France, Germany, Spain, Belgium, United States;5 wins & 14 nominations;https://m.media-amazon.com/images/M/MV5BYjBlOGFhODEtZThmMS00OTgwLTk0MjAtNDgxNWFhY2JhYTE1XkEyXkFqcGdeQXVyMjUzOTY1NTc@._V1_SX300.jpg;[{'Source': 'Internet Movie Database', 'Value': '7.5/10'}, {'Source': 'Rotten Tomatoes', 'Value': '80%'}, {'Source': 'Metacritic', 'Value': '73/100'}];73.0;7.5;69,650;tt0112682;movie;19 Oct 1999;$1,738,611;;;True;1995
31;Dangerous Minds;Drama;Dangerous Minds;1995;R;11 Aug 1995;99 min;Biography, Drama;John N. Smith;LouAnne Johnson, Ron Bass;Michelle Pfeiffer, George Dzundza, Courtney B. Vance;An ex-Marine turned teacher struggles to connect with her students in an inner city school.;English;United States;6 wins & 8 nominations;https://m.media-amazon.com/images/M/MV5BZjk2YjNkYTYtOTZkNy00ZmRkLWI5ODEtYzA4MTM3MzMyZjhlXkEyXkFqcGdeQXVyMTQxNzMzNDI@._V1_SX300.jpg;[{'Source': 'Internet Movie Database', 'Value': '6.5/10'}, {'Source': 'Rotten Tomatoes', 'Value': '33%'}, {'Source': 'Metacritic', 'Value': '47/100'}];47.0;6.5;54,271;tt0112792;movie;05 Aug 2003;$84,919,401;;;True;1995
33;Wings of Courage;Adventure|Romance;Wings of Courage;1995;G;18 Sep 1996;40 min;Adventure, Romance;Jean-Jacques Annaud;Alain Godard, Jean-Jacques Annaud;Craig Sheffer, Elizabeth McGovern, Tom Hulce;While flying mail across the Andean mountains, Henri Guillaumet's plane has to crash-land, he must trek back to civilizatin on foot.;English;France, United States;;https://m.media-amazon.com/images/M/MV5BZWRjOGEyMWEtYmZjMi00MmVmLWE3ZjQtYmJiZTA0MmExYTU5L2ltYWdlXkEyXkFqcGdeQXVyMjI3ODYyNDU@._V1_SX300.jpg;[{'Source': 'Internet Movie Database', 'Value': '6.4/10'}];;6.4;714;tt0114952;movie;25 May 2010;$15,054,636;;;True;1995
34;Babe;Children's|Comedy|Drama;Babe;1995;G;04 Aug 1995;91 min;Comedy, Drama, Family;Chris Noonan;Dick King-Smith, George Miller, Chris Noonan;James Cromwell, Magda Szubanski, Christine Cavanaugh;Babe, a pig raised by sheepdogs on a rural English farm, learns to herd sheep with a little help from Farmer Hoggett.;English;Australia, United States;Won 1 Oscar. 20 wins & 26 nominations total;https://m.media-amazon.com/images/M/MV5BYjg4ZjUzMzMtYzlmYi00YTcwLTlkOWUtYWFmY2RhNjliODQzXkEyXkFqcGdeQXVyNTUyMzE4Mzg@._V1_SX300.jpg;[{'Source': 'Internet Movie Database', 'Value': '6.9/10'}, {'Source': 'Rotten Tomatoes', 'Value': '97%'}, {'Source': 'Metacritic', 'Value': '83/100'}];83.0;6.9;128,347;tt0112431;movie;23 Sep 2003;$63,658,910;;;True;1995
35;Carrington;Drama|Romance;Carrington;1995;R;10 Nov 1995;121 min;Biography, Drama, Romance;Christopher Hampton;Christopher Hampton, Michael Holroyd;Emma Thompson, Jonathan Pryce, Steven Waddington;The platonic relationship between artist Dora Carrington (Dame Emma Thompson) and writer Lytton Strachey (Jonathan Pryce) in the early twentieth century.;English;United Kingdom, France;Nominated for 2 BAFTA 7 wins & 9 nominations total;https://m.media-amazon.com/images/M/MV5BZjQ3MTBkNDEtMGRlZS00OTY0LTkzYjktOWU2MzI3ZDRiMjY5XkEyXkFqcGdeQXVyMTA0MjU0Ng@@._V1_SX300.jpg;[{'Source': 'Internet Movie Database', 'Value': '6.8/10'}, {'Source': 'Rotten Tomatoes', 'Value': '54%'}];;6.8;5,588;tt0112637;movie;26 Dec 2001;$3,242,342;;;True;1995
36;Dead Man Walking;Drama;Dead Man Walking;1995;R;02 Feb 1996;122 min;Crime, Drama;Tim Robbins;Helen Prejean, Tim Robbins;Susan Sarandon, Sean Penn, Robert Prosky;A nun, while comforting a convicted killer on death row, empathizes with both the killer and his victim's families.;English;United Kingdom, United States;Won 1 Oscar. 23 wins & 24 nominations total;https://m.media-amazon.com/images/M/MV5BMTM3NzA1MjM2N15BMl5BanBnXkFtZTcwMzY3MTMzNA@@._V1_SX300.jpg;[{'Source': 'Internet Movie Database', 'Value': '7.5/10'}, {'Source': 'Rotten Tomatoes', 'Value': '95%'}, {'Source': 'Metacritic', 'Value': '80/100'}];80.0;7.5;97,260;tt0112818;movie;13 Jun 2006;$39,363,635;;;True;1995
37;Across the Sea of Time;Documentary;Across the Sea of Time;1995;G;20 Oct 1995;51 min;Adventure, Drama, Family;Stephen Low;Andrew Gellis;Peter Reznick, John McDonough, Avi Hoffman;A young Russian boy, Thomas Minton, travels to New York as a passenger on a Russian freighter. Close to Ellis Island he gets off and thus starts his journey to America the same way as all immigrants in former times. Thomas is sear...;English, Russian;United States;;https://m.media-amazon.com/images/M/MV5BOTIwMzk1MDc1MF5BMl5BanBnXkFtZTcwMTEzNDkyMQ@@._V1_SX300.jpg;[{'Source': 'Internet Movie Database', 'Value': '6.5/10'}];;6.5;302;tt0112286;movie;;$16,015,639;;;True;1995
38;It Takes Two;Comedy;It Takes Two;1995;PG;17 Nov 1995;101 min;Comedy, Family, Romance;Andy Tennant;Deborah Dean Davis;Kirstie Alley, Steve Guttenberg, Mary-Kate Olsen;Alyssa and Amanda are two little girls who are identical, but complete strangers, that accidentally meet one day.;English;United States;1 win & 3 nominations;https://m.media-amazon.com/images/M/MV5BMzdhMGU0MzEtZjg1Ny00YzE5LWE0MGQtMTNiN2UwN2I5ZDBjXkEyXkFqcGdeQXVyNTgzMzU5MDI@._V1_SX300.jpg;[{'Source': 'Internet Movie Database', 'Value': '5.9/10'}, {'Source': 'Rotten Tomatoes', 'Value': '8%'}, {'Source': 'Metacritic', 'Value': '45/100'}];45.0;5.9;23,584;tt0113442;movie;01 Jan 2004;$19,474,589;Warner Bros.;;True;1995
39;Clueless;Comedy|Romance;Clueless;1995;PG-13;19 Jul 1995;97 min;Comedy, Romance;Amy Heckerling;Amy Heckerling;Alicia Silverstone, Stacey Dash, Brittany Murphy;Shallow, rich and socially successful Cher is at the top of her Beverly Hills high school's pecking scale. Seeing herself as a matchmaker, Cher first coaxes two teachers into dating each other.;English, Spanish;United States;6 wins & 12 nominations;https://m.media-amazon.com/images/M/MV5BMzBmOGQ0NWItOTZjZC00ZDAxLTgyOTEtODJiYWQ2YWNiYWVjXkEyXkFqcGdeQXVyNTE1NjY5Mg@@._V1_SX300.jpg;[{'Source': 'Internet Movie Database', 'Value': '6.9/10'}, {'Source': 'Metacritic', 'Value': '68/100'}];68.0;6.9;225,501;tt0112697;movie;;$56,631,572;;;True;1995
41;Richard III;Drama|War;Richard III;1995;R;29 Dec 1995;110 min;Drama, Sci-Fi, War;Richard Loncraine;Ian McKellen, Richard Loncraine, Richard Eyre;Ian McKellen, Annette Bening, Christopher Bowen;The classic Shakespearean play about the murderously scheming 15th-century king is reimagined in an alternative setting of 1930s England as clouds of fascism gather.;English;United Kingdom, United States;Nominated for 2 Oscars. 7 wins & 12 nominations total;https://m.media-amazon.com/images/M/MV5BOWI3NjhhZDItNWQ2NS00Zjg0LWIzMjctNzY0MjRmNzkyYzVmXkEyXkFqcGdeQXVyMTA0MjU0Ng@@._V1_SX300.jpg;[{'Source': 'Internet Movie Database', 'Value': '7.3/10'}, {'Source': 'Rotten Tomatoes', 'Value': '96%'}, {'Source': 'Metacritic', 'Value': '86/100'}];86.0;7.3;15,044;tt0114279;movie;28 Mar 2000;$2,684,904;;;True;1995
42;Dead Presidents;Action|Crime|Drama;Dead Presidents;1995;R;06 Oct 1995;119 min;Action, Crime, Drama;Albert Hughes, Allen Hughes;Allen Hughes, Albert Hughes, Michael Henry Brown;Larenz Tate, Keith David, Chris Tucker;A Vietnam vet adjusts to life after the war while trying to support his family, but the chance of a better life may involve crime and bloodshed.;English;United States;2 nominations;https://m.media-amazon.com/images/M/MV5BNjdhZWEzMzEtMjNhZS00OThhLWFiZWUtM2EwMWU5MWE0MDA4XkEyXkFqcGdeQXVyMTQxNzMzNDI@._V1_SX300.jpg;[{'Source': 'Internet Movie Database', 'Value': '6.9/10'}, {'Source': 'Rotten Tomatoes', 'Value': '49%'}];;6.9;23,130;tt0112819;movie;03 Jun 2003;$24,147,179;;;True;1995
43;Restoration;Drama;Restoration;1995;R;02 Feb 1996;117 min;Biography, Drama, History;Michael Hoffman;Rose Tremain, Rupert Walters;Robert Downey Jr., Sam Neill, David Thewlis;The exiled royal physician to King Charles II devotes himself to helping Londoners suffering from the plague, and in the process falls in love with an equally poor woman.;English, Latin;United States, United Kingdom;Won 2 Oscars. 2 wins & 2 nominations total;https://m.media-amazon.com/images/M/MV5BZmQwODk5ZGItMDk5OS00MjU4LTgyYmUtYTBiMTFhYWM5MDY4XkEyXkFqcGdeQXVyMTMxMTY0OTQ@._V1_SX300.jpg;[{'Source': 'Internet Movie Database', 'Value': '6.6/10'}, {'Source': 'Rotten Tomatoes', 'Value': '71%'}, {'Source': 'Metacritic', 'Value': '66/100'}];66.0;6.6;9,640;tt0114272;movie;21 Jun 2011;$4,005,941;Miramax Films;;True;1995
44;Mortal Kombat;Action|Adventure;Mortal Kombat;1995;PG-13;18 Aug 1995;101 min;Action, Adventure, Fantasy;Paul W.S. Anderson;Ed Boon, John Tobias, Kevin Droney;Christopher Lambert, Robin Shou, Linden Ashby;Three unknowing martial artists are summoned to a mysterious island to compete in a tournament whose outcome will decide the fate of the world.;English;United States;1 win & 3 nominations;https://m.media-amazon.com/images/M/MV5BNjY5NTEzZGItMGY3My00NzE4LThkYTUtYjJkNzk3MDBiMWE3XkEyXkFqcGdeQXVyNzg5MDE1MDk@._V1_SX300.jpg;[{'Source': 'Internet Movie Database', 'Value': '5.8/10'}, {'Source': 'Rotten Tomatoes', 'Value': '45%'}, {'Source': 'Metacritic', 'Value': '60/100'}];60.0;5.8;120,206;tt0113855;movie;22 May 2007;$70,454,098;;;True;1995
45;To Die For;Comedy|Drama;To Die For;1995;R;06 Oct 1995;106 min;Comedy, Crime, Drama;Gus Van Sant;Joyce Maynard, Buck Henry;Nicole Kidman, Matt Dillon, Joaquin Phoenix;A beautiful but naïve aspiring television personality films a documentary on teenagers with a darker ulterior motive.;English;United States, United Kingdom, Canada;Nominated for 1 BAFTA Award7 wins & 13 nominations total;https://m.media-amazon.com/images/M/MV5BNGZhYzgwNzItNDljNC00MDM4LThiYjEtNDRhNmE5NDk2MTQ0XkEyXkFqcGdeQXVyMTQxNzMzNDI@._V1_SX300.jpg;[{'Source': 'Internet Movie Database', 'Value': '6.8/10'}, {'Source': 'Rotten Tomatoes', 'Value': '88%'}, {'Source': 'Metacritic', 'Value': '86/100'}];86.0;6.8;49,619;tt0114681;movie;29 Nov 2001;$21,284,514;;;True;1995
46;How to Make an American Quilt;Drama|Romance;How to Make an American Quilt;1995;PG-13;06 Oct 1995;117 min;Comedy, Drama, Romance;Jocelyn Moorhouse;Whitney Otto, Jane Anderson;Winona Ryder, Ellen Burstyn, Anne Bancroft;Bride-to-be Finn Dodd hears tales of romance and sorrow from her elders as they construct a quilt.;English;United States;4 nominations;https://m.media-amazon.com/images/M/MV5BNGYwZmZkYWItNjdmMi00MjI2LThmOGYtMmI1NTQ0OWQ1YWIxXkEyXkFqcGdeQXVyNzA5NjUyNjM@._V1_SX300.jpg;[{'Source': 'Internet Movie Database', 'Value': '6.3/10'}, {'Source': 'Rotten Tomatoes', 'Value': '63%'}];;6.3;12,066;tt0113347;movie;02 Nov 2004;$23,600,020;;;True;1995
48;Pocahontas;Animation|Children's|Musical|Romance;Pocahontas;1995;G;23 Jun 1995;81 min;Animation, Adventure, Drama;Mike Gabriel, Eric Goldberg;Carl Binder, Susannah Grant, Philip LaZebnik;Mel Gibson, Linda Hunt, Christian Bale;An English soldier and the daughter of an Algonquin chief share a romance when English colonists invade seventeenth century Virginia.;English, Algonquin;United States;Won 2 Oscars. 15 wins & 7 nominations total;https://m.media-amazon.com/images/M/MV5BMzc4YzhiN2ItY2Y4NC00YTA0LWEyMjEtNzllNTcxZDdjODhiXkEyXkFqcGdeQXVyNTUyMzE4Mzg@._V1_SX300.jpg;[{'Source': 'Internet Movie Database', 'Value': '6.7/10'}, {'Source': 'Rotten Tomatoes', 'Value': '54%'}, {'Source': 'Metacritic', 'Value': '58/100'}];58.0;6.7;191,881;tt0114148;movie;06 Aug 2002;$141,579,773;;;True;1995
49;When Night Is Falling;Drama|Romance;When Night Is Falling;1995;Unrated;17 Nov 1995;94 min;Drama, Romance;Patricia Rozema;Patricia Rozema;Pascale Bussières, Rachael Crawford, Henry Czerny;An uptight and conservative woman, working on tenure as a literacy professor at a large urban university, finds herself strangely attracted to a free-spirited, liberal woman who works at a local carnival that comes to town.;English;Canada;5 nominations;https://m.media-amazon.com/images/M/MV5BNGUxMDM1ODEtZjhjZi00NjVjLWEwNmUtNmZmOTQ1MzQxNmQ3XkEyXkFqcGdeQXVyMTMxMTY0OTQ@._V1_SX300.jpg;[{'Source': 'Internet Movie Database', 'Value': '6.5/10'}, {'Source': 'Rotten Tomatoes', 'Value': '53%'}];;6.5;7,212;tt0114916;movie;05 Jun 2007;$919,671;October Films;;True;1995
50;The Usual Suspects;Crime|Thriller;The Usual Suspects;1995;R;16 Aug 1995;106 min;Crime, Drama, Mystery;Bryan Singer;Christopher McQuarrie;Kevin Spacey, Gabriel Byrne, Chazz Palminteri;A sole survivor tells of the twisty events leading up to a horrific gun battle on a boat, which began when five criminals met at a seemingly random police lineup.;English, Hungarian, Spanish, French;United States, Germany;Won 2 Oscars. 37 wins & 17 nominations total;https://m.media-amazon.com/images/M/MV5BYTViNjMyNmUtNDFkNC00ZDRlLThmMDUtZDU2YWE4NGI2ZjVmXkEyXkFqcGdeQXVyNjU0OTQ0OTY@._V1_SX300.jpg;[{'Source': 'Internet Movie Database', 'Value': '8.5/10'}, {'Source': 'Rotten Tomatoes', 'Value': '88%'}, {'Source': 'Metacritic', 'Value': '77/100'}];77.0;8.5;1,094,796;tt0114814;movie;02 Sep 2003;$23,341,568;;;True;1995
51;Guardian Angel;Action|Drama|Thriller;Guardian Angel;1994;R;22 Nov 1994;97 min;Action, Drama, Thriller;Richard W. Munchkin;Joe Hart;Cynthia Rothrock, Daniel McVicar, Lydie Denier, Marshall R. Teague;"A wealthy playboy hires an attractive woman detective, turned bodyguard, to protect him from a psychotic seductress; the same woman who killed the detective's lover just months before.";English;USA;;https://m.media-amazon.com/images/M/MV5BMTk5Mjg4MTU0OV5BMl5BanBnXkFtZTgwNzExNTAwNzE@._V1_SX300.jpg;[{'Source': 'Internet Movie Database', 'Value': '5.0/10'}];;5.0;356;tt0109950;movie;11 Jun 2003;$252,009;;;True;1994
52;Mighty Aphrodite;Comedy;Mighty Aphrodite;1995;R;10 Nov 1995;95 min;Comedy, Fantasy, Romance;Woody Allen;Woody Allen;Woody Allen, Mira Sorvino, Pamela Blair;When he discovers his adopted son is a genius, a New York sportswriter seeks out the boy's birth mother: a ditzy porn star and prostitute.;English, Latin;United States;Won 1 Oscar. 12 wins & 13 nominations total;https://m.media-amazon.com/images/M/MV5BMTZmNjJmODktMTI1Ni00OWU5LWI0YTctNjc0MzVkNDE3M2Y0XkEyXkFqcGdeQXVyMjUzOTY1NTc@._V1_SX300.jpg;[{'Source': 'Internet Movie Database', 'Value': '7.0/10'}, {'Source': 'Rotten Tomatoes', 'Value': '78%'}, {'Source': 'Metacritic', 'Value': '59/100'}];59.0;7.0;41,173;tt0113819;movie;06 Jun 2006;$6,468,498;Buena Vista Pictures, Miramax Films, Miramax Home Entertainment [us];;True;1995
53;Lamerica;Drama;Lamerica;1994;;04 Oct 1995;116 min;Comedy, Drama;Gianni Amelio;Gianni Amelio, Andrea Porporati, Alessandro Sermoneta;Enrico Lo Verso, Michele Placido, Piro Milkani;Immediately after the fall of communism in Albania, two Italians go there to embezzle investment money by creating a fake company. As the chairman/fall guy, they pick a former political prisoner who turns out to be more than meets...;Albanian, Italian;Italy, France, Switzerland, Austria;21 wins & 18 nominations;https://m.media-amazon.com/images/M/MV5BNjlmZmQ0ZGUtNTBjYy00ZTg3LWE1NmMtNDAyNDI2Zjc4ZDViXkEyXkFqcGdeQXVyMzIwNDY4NDI@._V1_SX300.jpg;[{'Source': 'Internet Movie Database', 'Value': '7.4/10'}, {'Source': 'Rotten Tomatoes', 'Value': '91%'}];;7.4;2,303;tt0110299;movie;;$438,483;;;True;1994
54;The Big Green;Children's|Comedy;The Big Green;1995;PG;29 Sep 1995;100 min;Comedy, Family, Sport;Holly Goldberg Sloan;Holly Goldberg Sloan;Steve Guttenberg, Olivia d'Abo, Jay O. Sanders;A teacher on exchange from England is placed in an underachieving Texas school, where she coaches the students in soccer, improving their self-esteem and leading to unexpected success.;English;United States;;https://m.media-amazon.com/images/M/MV5BNmY4NWVkM2UtY2FkZC00NWJiLTg5N2EtYzk4NjJkMGE0YzA3XkEyXkFqcGdeQXVyNTM5NzI0NDY@._V1_SX300.jpg;[{'Source': 'Internet Movie Database', 'Value': '5.5/10'}, {'Source': 'Rotten Tomatoes', 'Value': '0%'}];;5.5;10,484;tt0112499;movie;05 Jun 2005;$17,736,619;;;True;1995
55;Georgia;Drama;Georgia;1995;R;08 Dec 1995;115 min;Drama, Music;Ulu Grosbard;Barbara Turner;Jennifer Jason Leigh, Mare Winningham, Ted Levine;"Sadie is desperately looking up to her older sister Georgia who is a famous C&amp;W artist. Her desperate need to be accepted by her sister is constantly complicated by her drug and alcohol problems.";English, Hebrew;France, United States;Nominated for 1 Oscar. 4 wins & 7 nominations total;https://m.media-amazon.com/images/M/MV5BZWJiNjMwYzMtZWU5Yi00NGI0LTg5NGYtZDY4MWRiYjEwYTYzXkEyXkFqcGdeQXVyMTAwMzUyOTc@._V1_SX300.jpg;[{'Source': 'Internet Movie Database', 'Value': '6.5/10'}, {'Source': 'Rotten Tomatoes', 'Value': '81%'}, {'Source': 'Metacritic', 'Value': '81/100'}];81.0;6.5;3,132;tt0113158;movie;15 Feb 2000;$1,110,104;Miramax Films;;True;1995
56;Kids of the Round Table;Adventure|Children's|Fantasy;Kids of the Round Table;1995;Unrated;15 Dec 1995;89 min;Adventure, Comedy, Family;Robert Tinnell;David Sherman, Robert Tinnell;Johnny Morina, Maggie Castle, Christopher Olscamp;Eleven-year-old Alex and his fellow homemade heroes are having a backyard blast. Battles rage, knights fight and damsels distress in a cardboard Camelot of dirt-bike steeds, aluminum foil sabres and plastic armor. The summer fun a...;English;United States, Canada;2 nominations;https://m.media-amazon.com/images/M/MV5BMTEwMTM0MzI3OTheQTJeQWpwZ15BbWU3MDQzNTQ2MTE@._V1_SX300.jpg;[{'Source': 'Internet Movie Database', 'Value': '5.1/10'}];;5.1;344;tt0113541;movie;25 Jul 2006;;;;True;1995
57;Home for the Holidays;Drama;Home for the Holidays;1995;PG-13;03 Nov 1995;103 min;Comedy, Drama, Romance;Jodie Foster;Chris Radant, W.D. Richter;Holly Hunter, Anne Bancroft, Robert Downey Jr.;After losing her job, making out with her soon-to-be former boss, and finding out that her daughter plans to spend Thanksgiving with her boyfriend, Claudia Larson faces spending the holiday with her family.;English;United States;2 nominations;https://m.media-amazon.com/images/M/MV5BMjVlYTQ4NjgtZWQxMS00ZmQ0LTg4M2QtOGE0ZmJiNDhkMzI4XkEyXkFqcGdeQXVyNTIzOTk5ODM@._V1_SX300.jpg;[{'Source': 'Internet Movie Database', 'Value': '6.5/10'}, {'Source': 'Rotten Tomatoes', 'Value': '64%'}, {'Source': 'Metacritic', 'Value': '56/100'}];56.0;6.5;13,800;tt0113321;movie;04 Sep 2001;$17,519,169;;;True;1995
60;The Indian in the Cupboard;Adventure|Children's|Fantasy;The Indian in the Cupboard;1995;PG;14 Jul 1995;96 min;Drama, Family, Fantasy;Frank Oz;Lynne Reid Banks, Melissa Mathison;Hal Scardino, Litefoot, Lindsay Crouse;Omri, a young boy growing up in Brooklyn, receives an odd variety of presents for his birthday: a wooden cupboard from his older brother, a set of antique keys from his mother, and a plastic Indian from his best friend, Patrick.;English;United States;1 win & 6 nominations;https://m.media-amazon.com/images/M/MV5BZWZlYmZiZGMtN2YyZC00MTdjLTllNjUtYWNhZDMwNDhhOTM1XkEyXkFqcGdeQXVyNTI4MjkwNjA@._V1_SX300.jpg;[{'Source': 'Internet Movie Database', 'Value': '6.0/10'}, {'Source': 'Rotten Tomatoes', 'Value': '71%'}, {'Source': 'Metacritic', 'Value': '58/100'}];58.0;6.0;29,828;tt0113419;movie;30 Mar 2010;$35,656,131;;;True;1995
61;Eye for an Eye;Drama|Thriller;Eye for an Eye;1996;R;12 Jan 1996;101 min;Crime, Drama, Thriller;John Schlesinger;Erika Holzer, Amanda Silver, Rick Jaffa;Sally Field, Kiefer Sutherland, Ed Harris;When the courts fail to keep behind bars the man who raped and murdered her daughter, a woman seeks her own form of justice.;English, French, Spanish, Korean;United States;;https://m.media-amazon.com/images/M/MV5BMDM4Mzc5ZjAtM2JjMi00NzU1LWEzM2MtNDQzNWI5MmRkM2I1XkEyXkFqcGdeQXVyNTAyODkwOQ@@._V1_SX300.jpg;[{'Source': 'Internet Movie Database', 'Value': '6.1/10'}, {'Source': 'Metacritic', 'Value': '25/100'}];25.0;6.1;17,788;tt0116260;movie;06 Oct 2003;$26,877,589;;;True;1996
62;Mr. Holland's Opus;Drama;Mr. Holland's Opus;1995;PG;19 Jan 1996;143 min;Drama, Music;Stephen Herek;Patrick Sheane Duncan;Richard Dreyfuss, Glenne Headly, Jay Thomas;A frustrated composer finds fulfillment as a high school music teacher.;English, American Sign ;United States;Nominated for 1 Oscar. 5 wins & 5 nominations total;https://m.media-amazon.com/images/M/MV5BZDZhNDRlZjAtYzdhNy00ZjU1LWFlMDYtNjA5NjliM2Y5ZmVjL2ltYWdlXkEyXkFqcGdeQXVyNjE5MjUyOTM@._V1_SX300.jpg;[{'Source': 'Internet Movie Database', 'Value': '7.3/10'}, {'Source': 'Rotten Tomatoes', 'Value': '75%'}, {'Source': 'Metacritic', 'Value': '59/100'}];59.0;7.3;40,403;tt0113862;movie;15 Mar 2011;$82,569,971;;;True;1995
63;Don't Be a Menace to South Central While Drinking Your Juice in the Hood;Comedy;Don't Be a Menace to South Central While Drinking Your Juice in the Hood;1996;R;12 Jan 1996;89 min;Comedy, Crime;Paris Barclay;Shawn Wayans, Marlon Wayans, Phil Beauman;Shawn Wayans, Marlon Wayans, Keenen Ivory Wayans;A parody of several U.S. films about being in the 'Hood', for instance Boyz n the Hood (1991), South Central (1992), Menace II Society (1993), Higher Learning (1995) and Juice (1992).;English, Spanish;United States;1 nomination;https://m.media-amazon.com/images/M/MV5BY2NmM2M2MWItNjdlMC00ZWI3LTkwODUtZDNkYWZjYjgzZjY3XkEyXkFqcGdeQXVyMTQxNzMzNDI@._V1_SX300.jpg;[{'Source': 'Internet Movie Database', 'Value': '6.5/10'}, {'Source': 'Rotten Tomatoes', 'Value': '32%'}, {'Source': 'Metacritic', 'Value': '53/100'}];53.0;6.5;57,699;tt0116126;movie;20 Sep 2005;$20,109,115;;;True;1996
64;Two if by Sea;Comedy|Romance;Two If by Sea;1996;R;12 Jan 1996;96 min;Comedy, Crime, Romance;Bill Bennett;Denis Leary, Mike Armstrong, Ann Leary;Sandra Bullock, Denis Leary, Stephen Dillane;A couple steals a Matisse painting on contract. They manage to escape the police. The sale takes place 4 days later on an island. Things don't go as planned.;English;United States;;https://m.media-amazon.com/images/M/MV5BY2YwZjVkMjItYjY4Yy00M2QyLTg0Y2MtYmFiNTgzMjNmMmQzXkEyXkFqcGdeQXVyNzc5MjA3OA@@._V1_SX300.jpg;[{'Source': 'Internet Movie Database', 'Value': '5.2/10'}, {'Source': 'Rotten Tomatoes', 'Value': '13%'}, {'Source': 'Metacritic', 'Value': '30/100'}];30.0;5.2;6,093;tt0118002;movie;28 Mar 2000;$10,658,278;Warner Bros.;;True;1996
65;Bio-Dome;Comedy;Bio-Dome;1996;PG-13;12 Jan 1996;88 min;Comedy;Jason Bloom;Adam Leff, Mitchell Peck, Jason Blumenthal;Pauly Shore, Stephen Baldwin, William Atherton;Moronic best friends get themselves locked inside the Bio-Dome, a science experiment, along with a group of environmental scientists for one year.;English;United States;3 wins & 1 nomination;https://m.media-amazon.com/images/M/MV5BYzY0ZjI0NTUtNDE4Yi00OGU2LWExZDMtNTY1MTM3ZWE3MzEyXkEyXkFqcGdeQXVyMTQxNzMzNDI@._V1_SX300.jpg;[{'Source': 'Internet Movie Database', 'Value': '4.4/10'}, {'Source': 'Rotten Tomatoes', 'Value': '4%'}, {'Source': 'Metacritic', 'Value': '1/100'}];1.0;4.4;28,322;tt0115683;movie;16 Apr 2002;$13,427,615;;;True;1996
66;Lawnmower Man 2: Beyond Cyberspace;Sci-Fi|Thriller;Lawnmower Man 2: Beyond Cyberspace;1996;PG-13;12 Jan 1996;93 min;Action, Sci-Fi, Thriller;Farhad Mann;Farhad Mann, Michael Miner;Patrick Bergin, Matt Frewer, Austin O'Brien;After the destruction of Virtual Space Industries at the end of the first film, Jobe is discovered in the rubble and is brought to the facilities of Jonathan Walker (Kevin Conway), a powerful corporate tycoon, where his face is re...;English;United States;1 nomination;https://m.media-amazon.com/images/M/MV5BZGI0ZDZhOGUtZDZiOS00NWE2LThjNzQtYzI3ZGFjODUwZjlkXkEyXkFqcGdeQXVyMTQxNzMzNDI@._V1_SX300.jpg;[{'Source': 'Internet Movie Database', 'Value': '2.5/10'}, {'Source': 'Rotten Tomatoes', 'Value': '10%'}, {'Source': 'Metacritic', 'Value': '29/100'}];29.0;2.5;9,785;tt0116839;movie;07 Oct 2003;$2,409,225;;;True;1996
67;Two Bits;Drama;Two Bits;1995;PG-13;22 Nov 1995;85 min;Comedy, Drama;James Foley;Joseph Stefano;Al Pacino, Mary Elizabeth Mastrantonio, Jerry Barone;Gennaro lives with his ailing grandpa, who sits outside holding tight to his last quarter. But grandpa's not ready to die, he has some unfinished business with a woman from his past and he enlists Gennaro to act as his emissary.;English;United States;2 nominations;https://m.media-amazon.com/images/M/MV5BOGE1NmM0MjYtZmJjYS00ODI5LWI0MjgtOGM2MTY3ZmIyNDZkXkEyXkFqcGdeQXVyNjUwNzk3NDc@._V1_SX300.jpg;[{'Source': 'Internet Movie Database', 'Value': '6.1/10'}, {'Source': 'Rotten Tomatoes', 'Value': '40%'}];;6.1;3,523;tt0114753;movie;08 Oct 2002;$26,282;;;True;1995
69;Friday;Comedy;Friday;1995;R;26 Apr 1995;91 min;Comedy, Drama;F. Gary Gray;Ice Cube, DJ Pooh;Ice Cube, Chris Tucker, Nia Long;It's Friday, and Craig and Smokey must come up with $200 they owe a local bully or there won't be a Saturday.;English;United States;1 win & 5 nominations;https://m.media-amazon.com/images/M/MV5BYmEwNjNlZTUtNzkwMS00ZTlhLTkyY2MtMjM2MzlmODQyZGVhXkEyXkFqcGdeQXVyNTI4MjkwNjA@._V1_SX300.jpg;[{'Source': 'Internet Movie Database', 'Value': '7.2/10'}, {'Source': 'Metacritic', 'Value': '54/100'}];54.0;7.2;116,938;tt0113118;movie;10 Sep 2002;$27,467,564;Zebra;;True;1995
70;From Dusk Till Dawn;Action|Comedy|Crime|Horror|Thriller;From Dusk Till Dawn;1996;R;19 Jan 1996;108 min;Action, Crime, Horror;Robert Rodriguez;Robert Kurtzman, Quentin Tarantino;Harvey Keitel, George Clooney, Juliette Lewis;Two criminals and their hostages unknowingly seek temporary refuge in a truck stop populated by vampires, with chaotic results.;English, Spanish;United States, Mexico;7 wins & 13 nominations;https://m.media-amazon.com/images/M/MV5BZjk3YmZhMDAtOWUzMS00YjE5LTkxNzAtY2I1NGZjMDA2ZTk0XkEyXkFqcGdeQXVyMTQxNzMzNDI@._V1_SX300.jpg;[{'Source': 'Internet Movie Database', 'Value': '7.2/10'}, {'Source': 'Rotten Tomatoes', 'Value': '63%'}, {'Source': 'Metacritic', 'Value': '48/100'}];48.0;7.2;321,762;tt0116367;movie;03 Oct 2000;$25,836,616;;;True;1996
71;Fair Game;Action;Fair Game;1995;R;03 Nov 1995;91 min;Action, Romance, Thriller;Andrew Sipes;Paula Gosling, Charlie Fletcher;William Baldwin, Cindy Crawford, Steven Berkoff;Max Kirkpatrick is a cop who protects Kate McQuean, a civil law attorney, from a renegade KGB team out to terminate her.;English, Russian;United States;4 nominations;https://m.media-amazon.com/images/M/MV5BMTE4M2Q2ZjctMGViNS00NzhiLWFkMjMtMjY2NWMzOWUzM2Y3XkEyXkFqcGdeQXVyNjU0NTI0Nw@@._V1_SX300.jpg;[{'Source': 'Internet Movie Database', 'Value': '4.3/10'}, {'Source': 'Rotten Tomatoes', 'Value': '12%'}, {'Source': 'Metacritic', 'Value': '13/100'}];13.0;4.3;13,337;tt0113010;movie;01 Jan 2009;$11,534,477;;;True;1995
72;Kicking and Screaming;Comedy|Drama;Kicking and Screaming;1995;R;06 Oct 1995;96 min;Comedy, Drama, Romance;Noah Baumbach;Noah Baumbach, Bo Berkman;Josh Hamilton, Eric Stoltz, Samuel Gould;A bunch of guys hang around their college for months after graduation, continuing a life much like the one before graduation.;English;United States;2 nominations;https://m.media-amazon.com/images/M/MV5BNWU2YjdlN2ItNTk2OS00MzMwLTlhYjctNDI0MDI0NTQ3OWY0XkEyXkFqcGdeQXVyNzI1NzMxNzM@._V1_SX300.jpg;[{'Source': 'Internet Movie Database', 'Value': '6.7/10'}, {'Source': 'Rotten Tomatoes', 'Value': '57%'}, {'Source': 'Metacritic', 'Value': '75/100'}];75.0;6.7;14,022;tt0113537;movie;22 Aug 2006;$718,490;Trimark Pictures;;True;1995
73;Les Misérables;Drama|Musical;Les Misérables;1995;R;03 Nov 1995;175 min;Drama, History;Claude Lelouch;Victor Hugo, Claude Lelouch;Jean-Paul Belmondo, Michel Boujenah, Alessandra Martines;A variation on Victor Hugo's classic novel by means of the story of a man whose life is affected by and somewhat duplicated by the Hugo story of the beleaguered Jean Valjean.;French, German, English;France;Nominated for 1 BAFTA Award6 wins & 3 nominations total;https://m.media-amazon.com/images/M/MV5BZWE2ZDg2ODQtMDIwMi00NGE3LWEzZWMtNzBjZDExNGJmMGVhXkEyXkFqcGdeQXVyNjA0Mzc0MzI@._V1_SX300.jpg;[{'Source': 'Internet Movie Database', 'Value': '7.5/10'}, {'Source': 'Rotten Tomatoes', 'Value': '81%'}];;7.5;3,892;tt0113828;movie;09 Jul 2017;$740,048;;;True;1995
74;Bed of Roses;Drama|Romance;Bed of Roses;1996;PG;26 Jan 1996;87 min;Drama, Romance;Michael Goldenberg;Michael Goldenberg;Christian Slater, Mary Stuart Masterson, Pamela Adlon;Romantic drama about a young career girl who is swept off her feet by a shy florist who fell in love with her after one glimpse through a shadowy window.;English;United States;;https://m.media-amazon.com/images/M/MV5BNTUwOWM4YmUtMzdkMi00YjEwLWE0MmEtZTBmMGNhYWU4OGI3XkEyXkFqcGdeQXVyNzc5MjA3OA@@._V1_SX300.jpg;[{'Source': 'Internet Movie Database', 'Value': '6.0/10'}, {'Source': 'Rotten Tomatoes', 'Value': '19%'}];;6.0;8,480;tt0115644;movie;27 Jul 1999;$19,030,691;New Line Cinema;;True;1996
75;Big Bully;Comedy|Drama;Big Bully;1996;PG;26 Jan 1996;90 min;Comedy, Thriller;Steve Miner;Mark Steven Johnson;Rick Moranis, Tom Arnold, Julianne Phillips;A writer returns to his hometown where he faces the childhood nemesis whose life he ultimately ruined, only the bully wants to relive their painful past by torturing him once again.;English;United States;3 wins;https://m.media-amazon.com/images/M/MV5BNDdhZTdiOTAtMWNiMC00NDRmLTllZWItYWMzOWZjNDY3ZmRiXkEyXkFqcGdeQXVyNjMwMjk0MTQ@._V1_SX300.jpg;[{'Source': 'Internet Movie Database', 'Value': '4.7/10'}, {'Source': 'Rotten Tomatoes', 'Value': '0%'}];;4.7;5,300;tt0115676;movie;12 Apr 2019;$2,042,530;Warner Bros.;;True;1996
76;Screamers;Sci-Fi|Thriller;Screamers;1995;R;26 Jan 1996;108 min;Horror, Sci-Fi, Thriller;Christian Duguay;Philip K. Dick, Dan O'Bannon, Miguel Tejada-Flores;Peter Weller, Roy Dupuis, Jennifer Rubin;A military commander stationed off planet during an interplanetary war travels through the devastated landscape to negotiate a peace treaty, but discovers that the primitive robots they built to kill enemy combatants have gained s...;English;Canada, Japan;3 nominations;https://m.media-amazon.com/images/M/MV5BM2M2ZGM0NDUtODRhNS00MjcxLTg3ZWYtYjkyZDJkYmVjOWYwXkEyXkFqcGdeQXVyMTQxNzMzNDI@._V1_SX300.jpg;[{'Source': 'Internet Movie Database', 'Value': '6.3/10'}, {'Source': 'Rotten Tomatoes', 'Value': '29%'}];;6.3;28,116;tt0114367;movie;05 Sep 2000;$5,711,695;;;True;1995
77;Nico Icon;Documentary;Nico Icon;1995;;16 Nov 1995;67 min;Documentary, Biography, Music;Susanne Ofteringer;Susanne Ofteringer;Nico, Tina Aumont, Christian Päffgen;"A look into the many lives of Christa Päffgen, otherwise known as Nico; from cutie German mädchen to the first of the supermodels, to glamorous diva of the Velvet Underground, to cult item, junkie and hag. Many faces for the same ...";English, German;Germany, United States;4 wins;https://m.media-amazon.com/images/M/MV5BNTY2MDM2NzcyM15BMl5BanBnXkFtZTcwMjk3MzcyMQ@@._V1_SX300.jpg;[{'Source': 'Internet Movie Database', 'Value': '7.2/10'}, {'Source': 'Rotten Tomatoes', 'Value': '82%'}];;7.2;733;tt0113973;movie;;$306,691;Roxie Releasing;;True;1995
78;The Crossing Guard;Drama;The Crossing Guard;1995;R;16 Nov 1995;111 min;Drama, Thriller;Sean Penn;Sean Penn;Jack Nicholson, David Morse, Anjelica Huston;Freddy Gale is a seedy jeweller who has sworn to kill the drunk driver who killed his little girl.;English;United States;4 nominations;https://m.media-amazon.com/images/M/MV5BMjkwNWMyZjQtNmU5MS00ZWE1LWE3NzMtNGZjNTlhYzcwNjIzXkEyXkFqcGdeQXVyMTAwMzUyOTc@._V1_SX300.jpg;[{'Source': 'Internet Movie Database', 'Value': '6.3/10'}, {'Source': 'Rotten Tomatoes', 'Value': '75%'}, {'Source': 'Metacritic', 'Value': '46/100'}];46.0;6.3;13,955;tt0112744;movie;16 Nov 1999;$868,979;;;True;1995
79;The Juror;Drama|Thriller;The Juror;1996;R;02 Feb 1996;118 min;Crime, Drama, Thriller;Brian Gibson;George Dawes Green, Ted Tally;Demi Moore, Alec Baldwin, Joseph Gordon-Levitt;A juror in a Mafia trial is forced to convince the other jurors to vote not guilty by an obsessive mob enforcer.;English, Spanish;United States;1 win & 3 nominations;https://m.media-amazon.com/images/M/MV5BYWZlNGEzNjUtZGRiZi00ZWMxLWJiMjAtN2E1OWI3MTM4MjdjXkEyXkFqcGdeQXVyMjUzOTY1NTc@._V1_SX300.jpg;[{'Source': 'Internet Movie Database', 'Value': '5.7/10'}, {'Source': 'Rotten Tomatoes', 'Value': '22%'}];;5.7;19,260;tt0116731;movie;28 Jul 1998;$22,754,725;;;True;1996
81;Things to Do in Denver when You're Dead;Crime|Drama|Romance;Things to Do in Denver When You're Dead;1995;R;01 Dec 1995;115 min;Crime, Drama, Thriller;Gary Fleder;Scott Rosenberg;Andy Garcia, Christopher Walken, Christopher Lloyd;Five different criminals face imminent death after botching a job quite badly.;English;United States;2 wins;https://m.media-amazon.com/images/M/MV5BMzI0OWEzZmItOGUyOC00M2Y2LWIzNDEtY2EzYzAwNWI0ZDkyXkEyXkFqcGdeQXVyNTc1NTQxODI@._V1_SX300.jpg;[{'Source': 'Internet Movie Database', 'Value': '6.7/10'}, {'Source': 'Rotten Tomatoes', 'Value': '34%'}, {'Source': 'Metacritic', 'Value': '46/100'}];46.0;6.7;28,512;tt0114660;movie;05 Jun 2007;$529,766;Miramax Films;;True;1995
83;Once Upon a Time... When We Were Colored;Drama;Once Upon a Time... When We Were Colored;1995;PG;26 Jan 1996;115 min;Drama, Romance;Tim Reid;Clifton L. Taulbert, Paul W. Cooper;Al Freeman Jr., Phylicia Rashad, Leon;A narrator tells the story of his childhood years in a tightly knit Afro-American community in the deep south under racial segregation.;English;United States;3 wins & 2 nominations;https://m.media-amazon.com/images/M/MV5BY2VmOWI4MzMtZmExYy00ZjNhLTk1Y2YtN2Q2ODkwMWViNDNkXkEyXkFqcGdeQXVyNjMwMjk0MTQ@._V1_SX300.jpg;[{'Source': 'Internet Movie Database', 'Value': '7.4/10'}, {'Source': 'Rotten Tomatoes', 'Value': '71%'}];;7.4;548;tt0114039;movie;;$2,291,255;;;True;1995
84;Last Summer in the Hamptons;Comedy|Drama;Last Summer in the Hamptons;1995;R;15 Sep 1996;108 min;Comedy, Drama;Henry Jaglom;Henry Jaglom, Victoria Foyt;Victoria Foyt, Viveca Lindfors, Jon Robin Baitz;This moving story was the swan song of actress Viveca Lindfors, who died unexpectedly soon after completing it. It's a fitting tribute, as the film explores the last performance in the ancestral home of a large family of actors.;English;United States;1 nomination;https://m.media-amazon.com/images/M/MV5BMTY2OTM4MDI2OV5BMl5BanBnXkFtZTcwNTQxMTYxMQ@@._V1_SX300.jpg;[{'Source': 'Internet Movie Database', 'Value': '5.7/10'}, {'Source': 'Rotten Tomatoes', 'Value': '64%'}];;5.7;426;tt0113612;movie;18 Feb 2003;$801,984;;;True;1995
85;Angels and Insects;Drama|Romance;Angels and Insects;1995;R;26 Jan 1996;116 min;Drama, Romance;Philip Haas;A.S. Byatt, Belinda Haas, Philip Haas;Mark Rylance, Kristin Scott Thomas, Patsy Kensit;In the 1800s a naturalist marries into a family of British country gentry.;English;United Kingdom, United States;Nominated for 1 Oscar. 2 wins & 3 nominations total;https://m.media-amazon.com/images/M/MV5BZTc1MzY1ODAtMDhlMS00NjgyLTlkNTEtZTUwYTM4MzFkNWNmXkEyXkFqcGdeQXVyNDE5MTU2MDE@._V1_SX300.jpg;[{'Source': 'Internet Movie Database', 'Value': '6.8/10'}, {'Source': 'Rotten Tomatoes', 'Value': '68%'}];;6.8;4,723;tt0112365;movie;;$3,414,301;;;True;1995
86;White Squall;Adventure|Drama;White Squall;1996;PG-13;02 Feb 1996;129 min;Adventure, Drama;Ridley Scott;Charles Gieg Jr., Felix Sutton, Todd Robinson;Jeff Bridges, Caroline Goodall, John Savage;Teenage boys discover discipline and camaraderie on an ill-fated sailing voyage.;English, Danish, Spanish;United States, United Kingdom;1 nomination;https://m.media-amazon.com/images/M/MV5BMzE1ZGU3ZGMtZjM3NS00YTA1LWE4MzMtMDcxMWZhMTA2YWRmXkEyXkFqcGdeQXVyMjUzOTY1NTc@._V1_SX300.jpg;[{'Source': 'Internet Movie Database', 'Value': '6.6/10'}, {'Source': 'Rotten Tomatoes', 'Value': '57%'}, {'Source': 'Metacritic', 'Value': '53/100'}];53.0;6.6;24,449;tt0118158;movie;29 Jun 1999;$10,292,300;;;True;1996
87;Dunston Checks In;Children's|Comedy;Dunston Checks In;1996;PG;12 Jan 1996;88 min;Adventure, Comedy, Family;Ken Kwapis;John Hopkins, Bruce Graham;Jason Alexander, Faye Dunaway, Eric Lloyd;A young boy befriends a larcenous orangutan in a luxury hotel.;English, French;United States;4 nominations;https://m.media-amazon.com/images/M/MV5BN2RhOTA4YzAtNTg3NC00NmYxLWI1YjQtYzM4NTJlYzVhZGYwXkEyXkFqcGdeQXVyMTQxNzMzNDI@._V1_SX300.jpg;[{'Source': 'Internet Movie Database', 'Value': '5.3/10'}, {'Source': 'Rotten Tomatoes', 'Value': '17%'}, {'Source': 'Metacritic', 'Value': '54/100'}];54.0;5.3;12,910;tt0116151;movie;25 Apr 2007;$9,871,065;20th Century Fox;;True;1996
88;Black Sheep;Comedy;Black Sheep;1996;PG-13;02 Feb 1996;87 min;Comedy;Penelope Spheeris;Fred Wolf;Chris Farley, David Spade, Tim Matheson;A gubernatorial candidate hires a wormy special assistant whose only job is to make sure the candidate's well-meaning but incompetent brother doesn't ruin the election.;English;United States;;https://m.media-amazon.com/images/M/MV5BYjc2NzU0YjUtYzkyNS00NjcwLWJiM2QtM2Y3YjFhMTQ0M2I3XkEyXkFqcGdeQXVyMTQxNzMzNDI@._V1_SX300.jpg;[{'Source': 'Internet Movie Database', 'Value': '6.2/10'}, {'Source': 'Rotten Tomatoes', 'Value': '28%'}, {'Source': 'Metacritic', 'Value': '34/100'}];34.0;6.2;41,881;tt0115697;movie;16 Jul 2002;$32,417,995;;;True;1996
89;Nick of Time;Action|Thriller;Nick of Time;1995;R;22 Nov 1995;90 min;Action, Crime, Drama;John Badham;Patrick Sheane Duncan;Johnny Depp, Christopher Walken, Courtney Chase;An unimpressive, everyday man is forced into a situation where he is told to kill a politician to save his kidnapped daughter.;English;United States;;https://m.media-amazon.com/images/M/MV5BODg1ODNjMzItYjRkMS00NmExLTkxNWUtMWYwNWM2NDU1YzU1XkEyXkFqcGdeQXVyNTAyODkwOQ@@._V1_SX300.jpg;[{'Source': 'Internet Movie Database', 'Value': '6.3/10'}, {'Source': 'Rotten Tomatoes', 'Value': '30%'}];;6.3;43,665;tt0113972;movie;07 Jun 2011;$8,175,346;;;True;1995
90;The Journey of August King;Drama;The Journey of August King;1995;PG-13;26 Jan 1996;91 min;Drama;John Duigan;John Ehle;Jason Patric, Thandiwe Newton, Larry Drake;A multi-dimensional drama about a North Carolina farmer in April 1815. August King, a widower, is on his way home after selling his produce and purchasing the stock and goods he will need for the coming year. On his journey, he co...;English;United States;;https://m.media-amazon.com/images/M/MV5BMTM2ZmQzYmItY2M3Ny00MDQ1LWEzZTgtYWQ2MGE0MGQ3ODMwXkEyXkFqcGdeQXVyMTMxMTY0OTQ@._V1_SX300.jpg;[{'Source': 'Internet Movie Database', 'Value': '6.5/10'}, {'Source': 'Rotten Tomatoes', 'Value': '57%'}];;6.5;1,021;tt0113490;movie;14 Jan 2003;$14,381;;;True;1995
92;Mary Reilly;Drama|Thriller;Mary Reilly;1996;R;23 Feb 1996;108 min;Drama, Horror, Romance;Stephen Frears;Valerie Martin, Christopher Hampton;Julia Roberts, John Malkovich, George Cole;A housemaid falls in love with Dr. Henry Jekyll and his darkly mysterious counterpart, Mr. Edward Hyde.;English;United States, United Kingdom;6 nominations;https://m.media-amazon.com/images/M/MV5BZWI5MzBiMjgtNDE2ZC00MTA1LWFmNWItZDQyMDA2NGE0MjQ5XkEyXkFqcGdeQXVyMTQxNzMzNDI@._V1_SX300.jpg;[{'Source': 'Internet Movie Database', 'Value': '5.8/10'}, {'Source': 'Rotten Tomatoes', 'Value': '26%'}, {'Source': 'Metacritic', 'Value': '44/100'}];44.0;5.8;15,299;tt0117002;movie;23 Mar 2004;$5,707,094;;;True;1996
93;Vampire in Brooklyn;Comedy|Romance;Vampire in Brooklyn;1995;R;27 Oct 1995;100 min;Comedy, Fantasy, Horror;Wes Craven;Eddie Murphy, Vernon Lynch, Charlie Murphy;Eddie Murphy, Angela Bassett, Allen Payne;A ship docks in Brooklyn with all its crew dead, but someone gets off and the killing continues on land. A Caribbean vampire is searching for a specific woman, half-human half-vampire. Rita is the detective investigating the many ...;English;United States;1 nomination;https://m.media-amazon.com/images/M/MV5BNWFlYjJiYzUtNWE1YS00YzM5LTkxYzMtN2FlMjI4NTNlNzExXkEyXkFqcGdeQXVyMTQxNzMzNDI@._V1_SX300.jpg;[{'Source': 'Internet Movie Database', 'Value': '4.6/10'}, {'Source': 'Rotten Tomatoes', 'Value': '12%'}, {'Source': 'Metacritic', 'Value': '27/100'}];27.0;4.6;24,191;tt0114825;movie;14 Feb 2012;$19,751,736;;;True;1995
94;Beautiful Girls;Drama;Beautiful Girls;1996;R;09 Feb 1996;112 min;Comedy, Drama, Romance;Ted Demme;Scott Rosenberg;Matt Dillon, Timothy Hutton, Noah Emmerich;A piano player at a crossroads in his life returns home to his friends and their own problems with life and love.;English;United States;1 win & 4 nominations;https://m.media-amazon.com/images/M/MV5BOTQ4OTU0ODktY2E5YS00MGFhLTgwZTEtZWFkOGMxMmFmOTg0XkEyXkFqcGdeQXVyNzc5MjA3OA@@._V1_SX300.jpg;[{'Source': 'Internet Movie Database', 'Value': '7.1/10'}, {'Source': 'Rotten Tomatoes', 'Value': '78%'}, {'Source': 'Metacritic', 'Value': '64/100'}];64.0;7.1;33,773;tt0115639;movie;21 Jun 2011;$10,597,759;;;True;1996
95;Broken Arrow;Action|Thriller;Broken Arrow;1996;R;09 Feb 1996;108 min;Action, Adventure, Thriller;John Woo;Graham Yost;John Travolta, Christian Slater, Samantha Mathis;Terrorists steal nuclear warheads from the U.S. military but don't count on a pilot and park ranger spoiling their plans.;English;United States;1 win & 3 nominations;https://m.media-amazon.com/images/M/MV5BYzU2NDg3ZTItNzRmNy00NTQzLTljMDUtNjczOTMwZjEzNWVkXkEyXkFqcGdeQXVyMTQxNzMzNDI@._V1_SX300.jpg;[{'Source': 'Internet Movie Database', 'Value': '6.1/10'}, {'Source': 'Rotten Tomatoes', 'Value': '54%'}, {'Source': 'Metacritic', 'Value': '61/100'}];61.0;6.1;101,013;tt0115759;movie;09 Mar 1999;$70,770,147;;;True;1996
98;Shopping;Action|Thriller;Shopping;1994;R;09 Feb 1996;87 min;Action, Crime, Drama;Paul W.S. Anderson;Paul W.S. Anderson;Sadie Frost, Jude Law, Sean Pertwee;You've run out of options, no school, no job. Steal a car, smash a shop with a heavy car and reap the proceeds! This movie is about underground England. The causes, the benefits, and the result of a life of 'crash and carry.';English;United Kingdom, Japan;1 nomination;https://m.media-amazon.com/images/M/MV5BNjVlN2MzYTYtNzEyMy00YTI0LWFiMGYtZmJmOTBhZDgzYTM5XkEyXkFqcGdeQXVyMjUzOTY1NTc@._V1_SX300.jpg;[{'Source': 'Internet Movie Database', 'Value': '5.4/10'}];;5.4;2,920;tt0111173;movie;03 Jun 2008;$3,061;;;True;1994
99;Heidi Fleiss: Hollywood Madam;Documentary;Heidi Fleiss: Hollywood Madam;1995;Not Rated;09 Feb 1996;106 min;Documentary, Biography;Nick Broomfield;;Nick Broomfield, Nina Xining Zuo, Madam Alex;A documentary crew from the BBC arrives in L.A. intent on interviewing Heidi Fleiss, a year after her arrest for running a brothel but before her trial. Several months elapse before the interview, so the crew searches for anyone w...;English;United Kingdom, Germany, United States, Canada;1 nomination;https://m.media-amazon.com/images/M/MV5BMTc4NDc5NzQzNF5BMl5BanBnXkFtZTcwMDUyODkxMQ@@._V1_SX300.jpg;[{'Source': 'Internet Movie Database', 'Value': '6.6/10'}, {'Source': 'Rotten Tomatoes', 'Value': '78%'}];;6.6;828;tt0113283;movie;17 Nov 2016;$34,402;;;True;1995
100;City Hall;Drama|Thriller;City Hall;1996;R;16 Feb 1996;111 min;Crime, Drama, Mystery;Harold Becker;Ken Lipper, Paul Schrader, Nicholas Pileggi;Al Pacino, John Cusack, Bridget Fonda;The accidental shooting of a boy in New York leads to an investigation by the Deputy Mayor, and unexpectedly far-reaching consequences.;English;United States;1 nomination;https://m.media-amazon.com/images/M/MV5BZmMxMGEwNDAtZGVjYS00NWIyLWI4NGQtZGYzMjA0YzIzZGM4XkEyXkFqcGdeQXVyMTUzMDUzNTI3._V1_SX300.jpg;[{'Source': 'Internet Movie Database', 'Value': '6.2/10'}, {'Source': 'Rotten Tomatoes', 'Value': '56%'}, {'Source': 'Metacritic', 'Value': '62/100'}];62.0;6.2;21,423;tt0115907;movie;01 Sep 2008;$20,340,204;Columbia Pictures;;True;1996
101;Bottle Rocket;Comedy;Bottle Rocket;1996;R;21 Feb 1996;91 min;Comedy, Crime, Drama;Wes Anderson;Owen Wilson, Wes Anderson;Luke Wilson, Owen Wilson, Ned Dowd;Three friends plan to pull off a simple robbery and go on the run.;English, Spanish;United States;2 wins & 1 nomination;https://m.media-amazon.com/images/M/MV5BNzFlYWQxMjMtYTdmOC00NDA0LWI5NWQtNjc5OTc1ZDdkOGExXkEyXkFqcGdeQXVyMjUzOTY1NTc@._V1_SX300.jpg;[{'Source': 'Internet Movie Database', 'Value': '6.9/10'}, {'Source': 'Rotten Tomatoes', 'Value': '85%'}, {'Source': 'Metacritic', 'Value': '67/100'}];67.0;6.9;78,889;tt0115734;movie;25 Nov 2008;$560,069;;;True;1996
102;Mr. Wrong;Comedy;Mr. Wrong;1996;PG-13;16 Feb 1996;96 min;Comedy;Nick Castle;Chris Matheson, Kerry Ehrin, Craig Munson;Ellen DeGeneres, Bill Pullman, Joan Cusack;A lonely single woman finds the seemingly-perfect man to date, but soon regrets it when his deranged, possessive other personality emerges and she cannot convince anyone else of his Jekyll-and-Hyde true nature.;English;United States;1 win & 2 nominations;https://m.media-amazon.com/images/M/MV5BZTIwOThjZmQtMWExMC00NzIwLWI0YzAtMWIzNTNlODdjNjg5XkEyXkFqcGdeQXVyMTQxNzMzNDI@._V1_SX300.jpg;[{'Source': 'Internet Movie Database', 'Value': '3.8/10'}, {'Source': 'Rotten Tomatoes', 'Value': '6%'}];;3.8;5,227;tt0117102;movie;04 Jun 2002;$12,825,141;;;True;1996
103;Unforgettable;Thriller;Unforgettable;1996;R;23 Feb 1996;117 min;Drama, Mystery, Sci-Fi;John Dahl;Bill Geddie;Ray Liotta, Linda Fiorentino, Peter Coyote;A medical examiner, who was suspected of murdering his wife, is trying an experimental drug to retrieve his wife's and others' memory and maybe find the killer and the mass murderer in a related present case.;English, Spanish;United States;1 win;https://m.media-amazon.com/images/M/MV5BMjQxODM0MjY2Nl5BMl5BanBnXkFtZTgwOTkwMDcyMTI@._V1_SX300.jpg;[{'Source': 'Internet Movie Database', 'Value': '6.0/10'}, {'Source': 'Rotten Tomatoes', 'Value': '21%'}];N/A;6;5,682;tt0118040;movie;04 Jun 2002;$2,821,671;N/A;N/A;True;1996
